{
  "rmse": 0.19461614653346954,
  "mae": 0.12107006526568964,
  "r2": 0.7678972654541035
}